depth_cm,age_calBP,d18OcarbVPDB,d13CcarbVPDB
0.95,-59,-7.81,0.89
1.7,-58.3,-5.91,3.18
2.2,-57.8,-9.03,-0.76
2.58,-57.4,-5.35,3.75
2.98,-57,-5.61,3.87
3.4,-56.2,-5.98,3.56
3.8,-55.4,-5.35,4.14
4.15,-54.4,-6.67,2.71
4.45,-53.2,-5.82,3.8
4.75,-52,-5.88,3.23
5,-51,-6.36,3.19
5.2,-50,-5.4,3.76
5.4,-49,-5.53,3.68
5.6,-48,-5.86,3.41
5.88,-46.6,-5.6,3.85
6.18,-45.1,-6.58,2.5
6.38,-44.1,-6.63,2.65
6.53,-43.4,-5.78,3.59
6.68,-42.6,-5.31,3.7
6.83,-41.9,-6.66,2.28
6.95,-41.3,-6.64,2.52
7.05,-40.6,-6.54,2.27
7.15,-39.7,-5.98,2.99
7.25,-38.8,-5.45,3.26
7.35,-37.9,-8.81,0.12
7.45,-37,-7.7,2.31
7.6,-35.6,-10.14,-0.42
7.8,-33.8,-6.4,2.79
8.05,-31.6,-5.47,3.74
8.15,-30.7,-6.25,2.97
8.3,-29.3,-8.15,1.07
8.45,-28,-7.84,1.52
8.6,-26.6,-10.1,-0.96
8.75,-25.3,-6.21,3.07
8.85,-24.4,-8.65,0.75
8.95,-23.5,-6.52,2.57
9.05,-22.7,-7.83,1.75
9.2,-21.6,-7.6,1.71
9.35,-20.6,-6.82,2.45
9.45,-19.9,-7.67,1.74
9.55,-19.2,-5.93,3.5
9.65,-18.5,-6.66,2.58
9.75,-17.8,-9.93,-1.83
9.9,-16.7,-5.61,3.29
10.05,-15.3,-7.17,2.13
10.15,-13.8,-6.51,2.64
10.3,-11.5,-5.79,3.46
10.45,-9.3,-6.08,2.97
10.6,-7,-5.87,3.14
10.75,-4.8,-5.12,4.26
10.85,-3.3,-8.72,0.47
10.95,-1.8,-5.62,3.36
11.1,0.5,-8.93,0.35
11.25,2.8,-6.68,2.21
11.4,5,-7.25,1.8
11.55,7.3,-4.93,3.84
11.65,8.8,-7.22,2.16
11.75,10.3,-4.96,4.68
11.85,11.8,-6.3,3
11.95,13.3,-4.91,4.45
12.05,15.3,-5.83,3.56
12.15,17.8,-4,4.55
12.3,21.5,-5.5,4.11
12.45,25.3,-5.74,3.62
12.6,29,-5.91,3.78
12.8,34,-6.12,3.43
12.95,37.8,-5.44,4.32
13.1,41.5,-4.93,4.69
13.25,45.3,-5.2,4.42
13.35,47.8,-4.83,4.17
13.5,51.5,-4.91,4.13
13.65,55.3,-4.74,4.42
13.75,57.8,-4.44,4.61
13.9,61.5,-4.86,4.33
14.1,65.3,-4.86,4.53
14.3,67.9,-4.7,4.46
14.45,69.9,-5.25,4.07
14.6,71.8,-5.77,3.44
14.75,73.8,-5.23,3.71
14.85,75.1,-7.01,2.3
15,77,-6.56,2.42
15.2,79.8,-4.7,4.26
15.4,82.6,-5.46,3.43
15.55,84.7,-6.96,2.13
15.65,86.1,-6.61,2.19
15.75,87.5,-5.27,3.53
15.9,89.6,-4.87,3.77
16.05,91.7,-5.26,2.74
16.15,93,-5.79,2.57
16.3,94.9,-4.65,4.23
16.45,96.9,-5.44,3.77
16.55,98.2,-7.07,2.38
16.7,100.1,-5.03,4.55
16.85,102.1,-5.91,3.52
16.95,103.4,-6.08,3.31
17.05,104.7,-7.76,1.78
17.2,106.8,-6.39,3.01
17.4,109.6,-5.43,4.19
17.6,112.4,-5.45,4.29
17.75,114.5,-5.54,4.31
17.85,115.9,-5.37,4.41
17.95,117.3,-5.23,4.14
18.1,119.4,-5.12,4.56
18.25,121.5,-5.36,4.43
18.4,123.6,-5.15,4.47
18.55,125.7,-2.83,5.43
18.7,127.8,-5.19,4.42
18.9,130.6,-5.41,3.92
19.2,134.6,-5.41,4.11
19.35,136.6,-5.6,3.97
19.5,138.5,-5.34,4.09
19.65,140.5,-5.44,4.25
19.75,141.8,-5.68,3.86
19.95,144.4,-5.29,4.15
20.05,145.7,-5.26,4.21
20.15,147.1,-5.68,3.49
20.25,148.5,-5.85,3.22
20.35,149.9,-5.57,4
20.45,151.3,-5.51,3.97
20.65,154.1,-5.51,4.13
20.75,155.5,-5.76,4.05
20.9,157.6,-5.4,4.1
21.05,159.7,-6.11,3.23
21.15,161,-6.86,1.97
21.3,162.9,-6.15,2.77
21.45,164.9,-5.26,3.89
21.55,166.2,-5.93,3.12
21.65,167.5,-5.67,3.32
21.75,168.8,-6.29,2.69
21.9,170.7,-5.73,3.4
22.05,172.7,-5.54,3.52
22.15,174.1,-5.84,3.32
22.25,175.5,-5.56,3.59
22.4,177.6,-5.18,3.98
22.55,179.7,-5.2,3.85
22.75,182.5,-5.37,3.97
23,186,-5.18,4.35
23.15,188,-5.08,4.34
23.25,189.3,-5.18,4.06
23.35,190.6,-5.29,4.33
23.45,191.9,-4.99,4.49
23.6,193.8,-5.01,4.47
23.75,195.8,-5.12,4.5
23.9,197.7,-5.29,4.36
24.1,200.4,-5.38,4.12
24.25,202.5,-5.58,3.95
24.4,204.6,-5,4.22
24.55,206.7,-5.37,4.01
24.65,208.1,-4.93,4.58
24.8,210.2,-5.03,4.35
25,213,-5.3,4
25.15,215,-5.56,4.09
25.25,216.3,-4.87,4.37
25.35,217.6,-4.88,4.48
25.45,218.9,-5.1,4.46
25.55,220.2,-4.98,4.46
25.7,222.1,-5.01,4.36
25.85,224.1,-4.94,4.61
25.95,225.4,-4.98,4.51
26.1,227.4,-4.01,4.71
26.35,230.9,-5.28,4.29
26.5,233,-5.23,4.29
26.7,235.8,-5.46,4.04
26.9,238.6,-4.57,4.12
27.05,240.7,-5.26,4.27
27.15,242,-5.33,4.22
27.25,243.3,-5.42,4.26
27.35,244.6,-5.88,3.94
27.45,245.9,-5.56,3.85
27.6,247.8,-5.26,4.45
27.8,250.4,-5.17,4.58
28,253,-4.54,4.8
28.15,255.1,-5.04,4.7
28.25,256.5,-4.97,4.77
28.35,257.9,-4.91,4.85
28.45,259.3,-4.83,4.94
28.55,260.7,-4.82,5.09
28.7,262.8,-5.01,4.92
28.9,265.6,-5.33,4.91
29.05,267.7,-5.11,5.26
29.15,269,-5.18,5.01
29.3,270.9,-5.17,5.05
29.45,272.9,-5.74,4.36
29.55,274.2,-5.06,5.09
29.7,276.1,-5.23,4.99
29.85,278.1,-4.99,4.96
29.95,279.4,-5.04,4.94
30.1,281.4,-4.76,5.09
30.25,283.5,-5.11,4.88
30.4,285.6,-5.01,5.02
30.55,287.7,-5.23,4.94
30.65,289.1,-5.39,4.57
30.75,290.5,-5.18,4.97
30.9,292.6,-5.14,4.98
31.05,294.7,-5.23,4.69
31.2,296.6,-4.99,4.47
31.35,298.6,-5.12,4.62
31.55,301.2,-4.77,4.58
31.65,302.5,-4.88,4.5
31.75,303.8,-4.73,4.63
31.9,305.7,-4.98,4.59
32.1,308.4,-4.73,4.68
32.25,310.5,-6.74,2.62
32.4,312.6,-4.79,4.64
32.6,315.4,-4.76,4.58
32.85,318.9,-4.62,4.54
32.95,320.3,-5.11,4.54
33.05,321.7,-4.9,4.41
33.2,323.8,-5,4.53
33.35,325.9,-4.99,4.64
33.45,327.3,-4.87,4.78
33.55,328.7,-5.05,4.58
33.85,332.9,-4.88,4.62
34,335,-4.7,4.73
34.15,337,-4.91,4.72
34.25,338.3,-4.89,4.81
34.35,339.6,-5.09,4.65
34.5,341.5,-4.84,4.87
34.65,343.5,-4.94,4.7
34.8,345.4,-0.84,6.33
35,348,-4.67,4.59
35.15,350.1,-4.74,4.72
35.3,352.2,-4.8,4.68
35.55,355.7,-4.87,4.48
35.7,357.8,-4.67,4.62
35.85,359.9,-4.88,4.55
35.95,361.3,-4.95,4.54
36.1,363.3,-4.96,4.62
36.25,365.3,-5.06,4.48
36.35,366.6,-5.09,4.47
36.5,368.5,-2.66,5.73
36.65,370.5,-5.32,4.55
36.8,372.4,-5.31,4.63
37,375,-5.27,4.71
37.2,377.8,-5.3,4.92
37.4,380.6,-5.42,4.71
37.55,382.7,-5.31,4.39
37.65,384.1,-5.36,4.28
37.75,385.5,-5.53,4.29
37.85,386.9,-5.05,4.31
37.95,388.3,-7.2,3.26
38.05,389.7,-5.87,3.71
38.2,391.6,-6.02,3.45
38.4,394.2,-6.14,3.56
38.55,396.2,-5.85,3.73
38.65,397.5,-5.66,4.08
38.75,398.8,-5.19,4.54
38.9,400.7,-5.29,4.55
39.05,402.7,-4.99,4.57
39.15,404.1,-5.06,4.73
39.3,406.2,-5.13,4.7
39.45,408.3,-5.3,4.72
39.6,410.4,-5.23,4.6
39.75,412.5,-5.23,4.79
39.9,414.6,-5.18,4.58
40.1,417.3,-5.39,4.51
40.3,419.9,-5.41,4.92
40.45,421.9,-5.34,4.59
40.55,423.2,-5.55,4.47
40.65,424.5,-5.78,4.36
40.8,426.4,-5.66,4.3
40.95,428.4,-5.91,4.08
41.05,429.7,-5.77,4.07
41.2,431.8,-6.03,4.25
41.35,433.9,-6.01,4.2
41.45,435.3,-5.95,4.08
41.6,437.4,-5.92,3.85
41.8,440.2,-5.84,4.26
41.95,442.3,-6.21,3.6
42.05,443.7,-6.7,2.96
42.2,445.6,-6.31,3.31
42.35,447.6,-6.67,2.89
42.5,449.5,-6.96,2.83
42.65,451.5,-6.8,2.79
42.8,453.4,-7.05,2.61
42.95,455.4,-7.5,2.03
43.1,457.4,-6.83,2.95
43.25,459.5,-6.62,3.06
43.35,460.9,-6.18,3.43
43.5,463,-5.93,3.58
43.65,465.1,-6.11,3.07
44.01,470.2,-5.23,-6.88
44.23,475.5,-5,0.49
44.45,480.8,-4.9,0.18
44.56,483.4,-4.82,-2.24
44.67,486.1,-4.87,-0.13
44.78,488.7,-4.77,2.31
44.89,491.4,-4.71,1.61
44.99,493.8,-4.85,1.41
45.1,496.4,-4.93,1.68
45.21,499,-5.05,-0.74
45.32,501.7,-4.54,4.08
45.43,504.3,-4.92,-0.34
45.54,507,-3.69,2.34
45.65,509.6,-4.66,1.11
45.76,512.2,-7.09,-1.38
45.87,514.9,-4.37,2.44
45.98,517.5,-4.31,-9.42
46.08,519.9,-2.83,3.63
46.19,522.6,-4.63,2.47
46.3,525.2,-3.88,-1.16
46.41,527.8,-4.13,0.22
46.52,530.5,-2.45,2.21
46.63,533.1,-3.78,2.55
46.74,535.8,-4.51,4.06
46.85,538.4,-4.67,-6.21
46.96,541,-2.31,2.5
47.17,546.1,-4.74,3.13
47.28,548.7,-2.29,1.32
47.39,551.4,-3.25,-2.58
47.5,554,-2.82,3.2
47.61,556.6,-4.22,2.37
47.72,559.3,-4.82,3.32
47.83,561.9,-4.97,4.36
47.94,564.6,-3.95,-8.71
48.05,567.2,-5.01,4.15
48.16,569.8,-4.46,1.71
48.26,572.2,-5.1,4.02
48.37,574.9,-5.12,3.97
48.47,577.3,-5.97,2.14
48.57,579.7,-5.18,4.11
48.67,582.1,-5.58,3.47
48.77,584.5,-5.72,2.98
48.87,586.9,-5.31,4.08
48.97,589.3,-5.39,4.07
49.07,591.7,-5.67,2.86
49.17,594.1,-5.37,3.56
49.27,596.5,-5.55,3.56
49.37,598.9,-5.34,4.3
49.47,601.3,-5.24,4.5
49.57,603.7,-5.42,3.61
49.67,606.1,-5.32,3.99
49.77,608.5,-5.01,4.21
49.87,610.9,-5.74,1.85
49.97,613.3,-5.13,3.42
50.07,615.7,-5.4,3.19
50.17,618.1,-5.43,3.67
50.27,620.5,-5.36,3.48
50.37,622.9,-5.55,3.84
50.47,625.3,-6.32,0.33
50.57,627.7,-5.67,3.77
50.67,630.1,-5.79,3.52
50.77,632.5,-5.7,3.89
50.87,634.9,-5.96,3.59
50.97,637.3,-5.72,3.74
51.07,639.7,-5.98,2.74
51.17,642.1,-5.55,3.13
51.27,644.5,-5.12,3.16
51.37,646.9,-4.96,3.62
51.47,649.3,-6.12,2.89
51.57,651.7,-6.21,3.83
51.67,654.1,-4.92,3.37
51.77,656.5,-5.81,3.31
51.87,658.9,-5.8,2.79
51.97,661.3,-5.53,2.01
52.07,663.7,-5.46,1.92
52.17,666.1,-5.37,2.46
52.27,668.5,-5.34,1.66
52.37,670.9,-5.35,2.48
52.47,673.3,-5.42,2.34
52.57,675.7,-5.24,2.81
52.67,678.1,-6.1,-3.98
52.77,680.5,-5.4,2.58
52.86,682.6,-5.3,4.1
52.93,684.3,-5.25,3.93
53.01,686.2,-5.25,4.56
53.09,688.2,-5.36,3.88
53.17,690.1,-5.21,4.77
53.24,691.8,-5.01,4.72
53.32,693.7,-5.16,3.87
53.4,695.6,-5.13,4.12
53.48,697.5,-5.07,4.79
53.55,699.2,-5.21,4.52
53.63,701.1,-5.95,-2.57
53.71,703,-5.01,4.61
53.78,704.7,-5.1,4.07
53.86,706.6,-5.17,4.47
53.94,708.6,-5.71,-0.73
54.02,710.6,-4.89,4.51
54.09,712.8,-4.43,2.45
54.17,715.3,-5.23,1.51
54.32,719.9,-4.72,3.82
54.4,722.4,-5.24,2.9
54.48,724.9,-4.63,4
54.57,727.7,-10.49,-3.02
54.67,730.8,-4.52,4.66
54.87,737,-4.54,4.19
54.97,740.1,-4.6,1.73
55.07,743.2,-6.03,1.98
55.17,746.4,-12.64,-4.27
55.37,752.8,-5.27,3.22
55.57,759.2,-4.94,3.44
55.77,765.6,-4.13,4.4
55.87,768.8,-5.89,2.66
55.97,772,-3.91,4.45
56.06,774.9,-4.66,2.36
56.14,777.5,-4.68,2.98
56.23,780.4,-5.26,2.61
56.31,782.9,-4.05,4.18
56.48,788.4,-4.69,2.17
56.57,791.2,-4.8,2.46
56.65,793.8,-4.13,4.88
56.74,796.7,-4.07,4.98
56.82,799.2,-4.25,4.97
56.91,802.1,-4.31,5.02
56.99,804.7,-5.36,3.22
57.08,807.6,-4.41,4.7
57.16,810.1,-4.63,4.2
57.25,813,-4.57,4.46
57.33,815.6,-5.59,2.58
57.5,821,-4.41,4.83
57.59,823.9,-4.01,4.76
57.67,826.4,-4.28,5.09
57.76,829.3,-4.08,5.04
57.84,831.9,-4.21,5.16
57.93,834.8,-4.26,4.67
58.01,837.3,-4.62,4.73
58.1,840.2,-4.33,3.88
58.18,842.8,-4.66,4.67
58.27,845.6,-4.27,4.73
58.44,851.1,-4.24,5.06
58.52,853.6,-4.21,5.08
58.61,856.5,-4.33,5.25
58.69,859.1,-4.74,4.9
58.78,862,-4.54,5.07
58.86,864.5,-4.94,4.3
58.95,867.4,-4.41,5.14
59.03,870,-8.02,-5.29
59.12,872.8,-4.34,5.12
59.2,875.4,-4.89,4.84
59.29,878.3,-4.92,4.95
59.37,880.8,-4.77,4.7
59.46,883.7,-4.8,5.06
59.54,886.3,-4.82,5.23
59.63,889.2,-4.76,5.22
59.71,891.7,-5.53,3.35
59.8,894.6,-4.58,4.29
59.88,897.2,-4.24,5.17
59.97,900,-5.26,1.85
60.05,902.6,-4.53,5.13
60.14,905.3,-4.34,4.92
60.22,907.8,-4.51,4.21
60.31,910.6,-10.44,-10.89
60.39,913.1,-4.43,5.17
60.48,915.9,-5.59,3
60.56,918.4,-4.71,4.85
60.65,921.2,-6.28,2.27
60.73,923.6,-9.57,-15.16
60.82,926.4,-4.7,4.64
60.9,928.9,-11.29,-8.65
60.99,931.7,-4.81,4.83
61.07,934.2,-5.33,3.26
61.16,937.1,-4.78,4.59
61.24,939.7,-5.59,1.7
61.33,942.6,-4.86,4.49
61.41,945.1,-11.34,-8.02
61.5,948,-4.82,4.59
61.58,950.6,-5.71,3.43
61.67,953.4,-4.58,4.96
61.75,956,-4.7,4.91
61.84,958.9,-6.96,2.95
61.92,961.4,-4.6,5.51
62.01,964.3,-4.83,5.08
62.09,966.9,-5.04,4.64
62.18,969.8,-4.83,5
62.26,972.3,-9.17,-3.61
62.35,975.2,-5.22,4.66
62.43,977.8,-5.24,4.69
62.53,981,-6.27,3.28
62.63,984.2,-5.53,4.47
62.73,987.4,-6.6,2.32
62.83,990.6,-5.31,4.5
62.93,993.8,-5.49,2.71
63.13,1000.2,-4.96,5.11
63.33,1006.6,-5.49,3.94
63.43,1009.8,-5.1,4.48
63.52,1012.6,-5.21,4.05
63.62,1015.8,-7.57,1.28
63.71,1018.7,-7.27,2.1
63.81,1021.9,-5.39,3.97
63.9,1024.8,-5.25,3.98
64,1028,-5.72,3.38
64.19,1034.1,-5.49,3.94
64.28,1037,-5.26,3.54
64.38,1040.2,-5.71,4.13
64.47,1043,-4.71,4.94
64.57,1046.2,-4.8,4.37
64.66,1049.1,-5.3,4.75
64.85,1055.2,-5.31,4.36
64.96,1058.7,-6.5,3.28
65.08,1064.2,-5.63,4.11
65.31,1076.1,-5,4.79
65.42,1081.8,-5.37,4.68
65.54,1088.1,-5.43,4.83
65.64,1093.3,-5.13,5.02
65.73,1098,-6.46,4.29
65.83,1103.2,-6.62,2.85
65.92,1107.8,-5.1,4.67
66.01,1112.5,-4.91,4.95
66.1,1117.2,-5.16,4.7
66.19,1121.9,-5.23,4.85
66.28,1126.6,-5.49,4.36
66.37,1131.2,-6.09,4.31
66.46,1135.9,-5.33,4.98
66.57,1141.6,-6.05,4.13
66.7,1148.4,-6.13,4.15
66.82,1154.6,-5.44,4.89
66.95,1161.4,-5.43,4.98
67.06,1167.1,-5.59,4.79
67.17,1172.8,-5.31,4.04
67.27,1178,-4.88,4.12
67.38,1183.8,-4.45,4.49
67.48,1189,-4.69,4.55
67.59,1194.7,-4.74,4.57
67.69,1199.9,-4.58,4.75
67.8,1205.6,-7.19,1.85
67.9,1210.8,-5.29,4.11
68,1216,-5.51,3.84
68.1,1221.2,-5.41,4.02
68.2,1226.4,-6.94,2.3
68.3,1231.6,-5.62,4.29
68.4,1236.8,-6.7,2.68
68.5,1242,-5.47,4.57
68.6,1247.2,-5.21,4.61
68.7,1252.4,-5.75,3.83
68.8,1257.6,-5.32,4.34
68.9,1262.8,-5.96,3.38
69,1268,-5.67,4.28
69.1,1273.2,-5.66,4
69.2,1278.4,-5.68,3.81
69.3,1283.6,-5.84,4.22
69.4,1288.8,-5.52,3.99
69.5,1294,-5.84,3.65
69.6,1299.2,-5.57,4.21
69.7,1304.4,-5.37,3.78
69.8,1309.6,-4.82,4.51
69.9,1314.8,-4.91,4.5
70,1320,-4.92,4.44
70.1,1325.2,-5.32,3.89
70.21,1330.9,-5.46,3.94
70.32,1336.6,-5.92,3.6
70.43,1342.4,-5.35,4.34
70.54,1348.1,-5.69,2.71
70.65,1353.8,-5.16,4.13
70.76,1359.5,-5.29,4.28
70.86,1364.7,-5.21,4.35
70.97,1370.4,-5.2,4.45
71.08,1376.1,-5.08,4.92
71.19,1381.7,-4.93,4.94
71.3,1387.3,-5.42,4.64
71.41,1392.9,-5.45,4.53
71.52,1398.5,-5.58,4.34
71.63,1404.1,-6.06,3.77
71.74,1409.7,-5.5,4.38
71.95,1420.5,-5.41,4.87
72.04,1425.1,-5.57,4.36
72.14,1430.3,-5.46,4.77
72.23,1435,-5.68,4.32
72.33,1440.2,-5.3,5.04
72.42,1444.8,-5.36,4.97
72.51,1449.5,-5.22,4.84
72.61,1454.7,-5.2,4.85
72.7,1459.4,-5.06,5.03
72.8,1464.6,-5.34,4.73
72.89,1469.3,-5.4,4.87
73.11,1479.3,-5.4,4.79
73.23,1484,-5.19,4.75
73.34,1488.3,-5.62,4.25
73.46,1492.9,-6.13,3.55
73.57,1497.2,-5.53,4.35
73.69,1501.9,-5.73,4.05
73.8,1506.2,-6.02,3.65
73.92,1510.9,-6.03,3.67
74.01,1514.3,-5.5,4.35
74.1,1516.6,-4.92,4.78
74.18,1518.7,-5.62,3.97
74.26,1520.8,-5.17,4.46
74.34,1522.8,-5.63,4
74.43,1525.2,-7.29,1.71
74.51,1527.3,-5.59,4.1
74.59,1529.3,-5.48,3.86
74.67,1531.4,-5.68,4.05
74.76,1533.8,-4.75,4.7
74.84,1535.8,-4.8,4.38
74.92,1537.9,-5.04,4.57
75,1540,-5.42,3.75
75.09,1542.3,-4.64,4.97
75.25,1546.5,-4.55,4.72
75.33,1548.6,-4.84,4.38
75.41,1550.7,-4.65,4.96
75.51,1553.3,-4.74,4.77
75.62,1556.1,-4.79,4.83
75.73,1559,-4.81,4.98
75.84,1561.8,-4.84,4.94
75.96,1565,-4.89,4.98
76.07,1567.8,-5.1,4.77
76.18,1570.7,-5.06,4.98
76.29,1573.5,-4.98,4.92
76.4,1576.4,-5.12,4.67
76.51,1579.3,-5.05,4.83
76.61,1581.9,-5.27,4.49
76.71,1584.5,-5.04,4.55
76.81,1587.1,-5.55,3.74
76.91,1589.7,-5.61,4.1
77.01,1592.3,-5.36,4.26
77.11,1594.9,-5.01,4.61
77.21,1597.5,-5.23,4.15
77.31,1600.1,-5.5,4.36
77.41,1602.7,-5.27,4.2
77.51,1605.3,-4.87,4.19
77.61,1607.9,-5.07,4.64
77.71,1610.5,-4.74,4.71
77.81,1613.1,-4.91,4.38
77.91,1615.7,-4.83,4.47
78.01,1618.3,-5.16,4.07
78.11,1620.9,-5.07,4.23
78.21,1623.5,-4.98,4.31
78.31,1626.1,-4.91,4.33
78.41,1628.7,-5.04,4.43
78.51,1631.3,-5.92,3.52
78.63,1634.4,-4.36,4.33
78.75,1637.5,-5.43,4.44
78.87,1640.6,-5.31,4.72
78.99,1643.7,-5.26,4.62
79.1,1646.6,-5.46,4.08
79.22,1649.7,-5.7,3.83
79.34,1652.8,-5.26,4.53
79.46,1656,-5.24,4.57
79.58,1659.1,-5.36,4.5
79.69,1661.9,-5.3,4.45
79.8,1664.8,-5.26,4.54
79.9,1667.4,-5.31,4.41
79.99,1669.7,-5.24,4.61
80.09,1672.3,-5.23,4.42
80.18,1674.7,-5.45,4.1
80.28,1677.3,-5.83,3.19
80.37,1679.6,-6.21,3.24
80.56,1684.6,-4.88,4.8
80.66,1687.2,-5.18,4.68
80.75,1689.5,-4.95,4.87
80.85,1692.1,-4.7,5.02
80.94,1694.4,-4.93,4.99
81.04,1697,-4.93,4.88
81.13,1699.4,-4.94,4.83
81.23,1702,-4.69,4.71
81.32,1704.3,-5.12,4.83
81.42,1706.9,-5.29,4.59
81.51,1709.3,-5.17,5.02
81.61,1711.9,-5.59,4.46
81.7,1714.2,-4.78,4.79
81.8,1716.8,-5.24,4.69
81.9,1719.4,-4.87,4.65
82,1722,-5.08,5
82.1,1724.6,-4.92,4.69
82.2,1727.2,-5.07,5.1
82.3,1729.8,-4.88,4.94
82.4,1732.4,-5.11,4.62
82.5,1735,-5.18,4.88
82.6,1737.6,-5.08,4.38
82.7,1740.2,-5.07,4.6
82.8,1742.8,-5.27,4.49
82.9,1745.4,-5.12,4.56
83,1748,-5.09,4.72
83.1,1750.6,-5.12,4.63
83.2,1753.2,-5.19,4.48
83.3,1755.8,-5.38,4.63
83.4,1758.4,-5.3,4.49
83.6,1763.6,-5.68,4.74
83.7,1766.2,-5.41,4.66
83.8,1768.8,-5.6,4.1
83.9,1771.4,-5.39,4.68
84,1774,-4.74,4.86
84.1,1776.6,-5.04,5.01
84.2,1779.2,-4.74,3.97
84.31,1782.1,-6.35,3.57
84.41,1784.7,-5.86,3.86
84.52,1787.5,-5.9,4.16
84.62,1790.1,-5.84,4.03
84.72,1792.7,-6.29,3.71
84.83,1795.6,-5.95,4.11
84.93,1798.2,-5.73,4.4
85.04,1801,-5.06,4.72
85.14,1803.6,-5.51,4.64
85.24,1806.2,-5.2,4.59
85.35,1809.1,-5.47,4.65
85.45,1811.7,-6.11,4.03
85.56,1814.6,-5.82,4.51
85.66,1817.2,-5.93,4.29
85.76,1819.8,-6.76,2.89
85.87,1822.6,-6.21,4
85.97,1825.2,-5.2,5.05
86.08,1828.2,-5.02,4.96
86.18,1830.9,-5.13,4.68
86.28,1833.6,-5.39,5.03
86.39,1836.5,-5.13,4.73
86.49,1839.2,-5.2,4.91
86.6,1842.2,-5.07,5.02
86.7,1844.9,-5.27,5.23
86.8,1847.6,-5.5,4.54
86.91,1850.6,-5.47,4.32
87.01,1853.3,-5.09,4.84
87.12,1856.1,-5.05,4.78
87.22,1858.7,-4.85,4.9
87.32,1861.3,-4.95,4.93
87.43,1864.2,-5.17,4.68
87.53,1866.8,-5.3,4.42
87.64,1869.6,-5.2,4.85
87.74,1872.2,-5.75,3.8
87.84,1874.8,-4.93,4.81
87.95,1877.7,-6.01,3.55
88.05,1880.3,-5.15,4.42
88.16,1883.2,-5.31,3.97
88.26,1885.8,-4.97,4.59
88.36,1888.4,-5.17,4.32
88.47,1891.2,-5.71,2.32
88.57,1893.8,-5.09,4.21
88.68,1896.7,-5.26,4.12
88.78,1899.3,-4.63,4.76
88.88,1901.9,-5.05,4.35
88.99,1904.7,-4.92,4.54
89.09,1907.3,-5.22,4.28
89.2,1910.2,-5.11,4.01
89.3,1912.8,-5.5,4.35
89.4,1915.4,-5.77,4.06
89.53,1918.8,-5.72,4.13
89.67,1922.4,-5.75,4.38
89.81,1926.1,-5.58,4.41
89.95,1929.7,-6.01,4.13
90.09,1933.3,-5.32,4.4
90.23,1937,-5.34,4.33
90.37,1940.6,-5.19,4.8
90.51,1944.3,-5.12,4.74
90.62,1947.1,-5.34,4.33
90.72,1949.7,-5.36,4.14
90.82,1952.3,-5.27,4.52
90.91,1954.7,-5.2,4.56
91.01,1957.3,-5.14,4.66
91.1,1959.6,-5.12,4.64
91.2,1962.2,-4.96,4.95
91.3,1964.8,-4.89,4.88
91.39,1967.1,-4.76,5.15
91.49,1969.7,-5.35,4.86
91.58,1972.1,-5.31,4.73
91.68,1974.7,-5.23,4.8
91.78,1977.3,-5.31,4.64
91.87,1979.6,-5.02,5.04
91.97,1982.2,-5.26,4.8
92.06,1984.6,-5.31,4.44
92.16,1987.2,-5.15,5.12
92.26,1989.8,-5.17,4.81
92.35,1992.1,-6.53,3.03
92.45,1994.7,-5.08,4.73
92.54,1997,-5.09,4.52
92.64,1999.6,-4.56,5.01
92.74,2002.2,-4.89,4.72
92.83,2004.6,-3.89,4.6
92.93,2007.2,-4.97,4.85
93.02,2009.5,-4.75,4.96
93.12,2012.1,-4.66,5.05
93.22,2014.7,-4.88,4.91
93.31,2017.1,-5.01,4.74
93.41,2019.7,-5.02,4.78
93.51,2022.3,-5.14,4.65
93.63,2025.4,-5.21,4.92
93.74,2028.2,-5.12,4.48
93.85,2031.1,-5.51,3.64
93.97,2034.2,-6.08,2.8
94.08,2037.1,-5.38,4.02
94.2,2040.2,-6.03,3.35
94.31,2043.1,-5.83,3.68
94.42,2045.9,-6.17,3.47
94.54,2049,-5.68,4.24
94.65,2051.9,-6.64,3.17
94.77,2055,-6.58,3.33
94.88,2057.9,-7.21,2.79
95,2061,-7.24,2.57
95.11,2062.1,-6.54,3.78
95.23,2063.3,-6.26,3.94
95.34,2064.4,-5.47,5.07
95.46,2065.6,-5.04,5.44
95.57,2066.7,-5.05,5.28
95.69,2067.9,-5.25,5.12
95.8,2069,-5.39,4.64
95.92,2070.2,-4.99,5.42
96.04,2071.4,-5.03,5.38
96.16,2072.8,-5.09,5.13
96.29,2074.2,-5.03,5.18
96.41,2075.5,-5.3,5.45
96.54,2076.9,-5.08,5.29
96.66,2078.3,-5.08,5.26
96.79,2079.7,-4.86,5.58
96.91,2081,-5.18,5.05
97.03,2082.3,-5.11,5.3
97.13,2083.4,-5.03,5.4
97.23,2084.5,-4.95,5.38
97.33,2085.6,-4.78,5.41
97.44,2086.8,-4.85,5.22
97.54,2087.9,-4.84,5.37
97.64,2089,-4.85,5.59
97.74,2090.1,-4.81,5.37
97.84,2091.2,-4.68,5.61
97.95,2092.5,-4.68,5.81
98.05,2093.6,-4.78,5.76
98.15,2094.7,-4.94,5.62
98.25,2095.8,-5.27,6.02
98.35,2096.9,-5.11,6.18
98.46,2098.1,-5.15,5.96
98.55,2099.1,-5.21,6.05
98.64,2100,-4.84,5.37
98.73,2101,-6.36,2.2
98.82,2102,-4.39,5.54
98.91,2103,-4.89,5.15
99,2104,-4.82,5.13
99.09,2105,-5.28,4.54
99.18,2106,-4.93,5.04
99.27,2107,-5.2,4.75
99.36,2108,-5,4.87
99.45,2109,-5.46,4.2
99.54,2109.9,-5.02,5.04
99.63,2110.9,-5.31,4.75
99.72,2111.9,-5.67,3.95
99.81,2112.9,-5.08,5.04
99.9,2113.9,-5.12,5.13
99.99,2114.9,-5.12,5.35
100.08,2115.8,-5.31,4.68
100.17,2116.7,-5.15,5.21
100.26,2117.6,-5.53,4.86
100.35,2118.5,-5.74,4.43
100.44,2119.4,-5.98,4.47
100.53,2120.3,-5.92,4.25
100.62,2121.2,-5.48,4.75
100.71,2122.1,-6.27,4.03
100.8,2123,-6.28,3.8
100.89,2123.9,-5.79,3.94
100.98,2124.8,-5.3,4.91
101.07,2125.8,-5.32,4.74
101.16,2126.8,-5.39,4.81
101.26,2127.9,-5.24,4.73
101.38,2129.2,-5.36,5.07
101.49,2130.4,-5.5,4.73
101.61,2131.7,-5.56,4.78
101.72,2132.9,-5.61,4.26
101.84,2134.2,-5.52,4.32
101.95,2135.5,-5.58,4.53
102.07,2136.8,-5.63,4.47
102.18,2138,-5.7,4.45
102.3,2139.3,-5.64,4.64
102.41,2140.5,-5.84,4.09
102.53,2141.8,-5.58,4.8
102.64,2143,-5.65,4.62
102.76,2144.4,-5.66,4.43
102.87,2145.6,-5.9,4.11
102.99,2146.9,-5.98,3.67
103.1,2148.1,-6.45,3.09
103.22,2149.4,-6.23,3.22
103.32,2150.5,-6.21,3.46
103.42,2151.6,-6.05,3.8
103.52,2152.7,-6.03,3.55
103.62,2153.8,-6.1,3.72
103.71,2154.8,-6.23,3.72
103.81,2155.9,-6.33,3.75
103.91,2157,-5.93,4.21
104,2158,-5.97,4.13
104.1,2159.1,-6.12,3.69
104.2,2160.2,-5.93,3.99
104.29,2161.2,-5.74,4.19
104.39,2162.3,-6.16,3.64
104.49,2163.4,-6.17,3.58
104.59,2164.5,-6.3,3.14
104.68,2165.5,-5.81,4.57
104.78,2166.6,-6.49,3.35
104.88,2167.7,-5.76,4.52
104.97,2168.7,-6.2,4.24
105.07,2169.8,-7.37,2.57
105.17,2170.9,-8.15,3.05
105.26,2171.9,-6.25,3.79
105.36,2173,-5.3,4.94
105.56,2175.2,-5.1,5
105.65,2176.2,-6.18,3.69
105.75,2177.3,-5.27,4.85
105.85,2178.4,-5.1,5.26
105.94,2179.3,-5.21,4.99
106.04,2180.4,-5.16,5.23
106.14,2181.4,-4.93,5.6
106.24,2182.4,-5.07,5.4
106.34,2183.4,-5.15,5.7
106.44,2184.4,-5.18,5.57
106.54,2185.4,-5.38,5.54
106.64,2186.4,-5.4,5.59
106.74,2187.4,-5.39,5.64
106.84,2188.4,-5.35,5.62
106.94,2189.4,-5.56,5.66
107.04,2190.4,-5.6,5.51
107.14,2191.5,-5.19,5.83
107.24,2192.6,-5.16,5.87
107.34,2193.7,-5.37,5.79
107.43,2194.7,-5.72,5.67
107.52,2195.7,-5.45,5.7
107.61,2196.7,-5.37,5.78
107.7,2197.7,-5.54,5.7
107.8,2198.8,-5.46,5.8
107.89,2199.8,-5.45,5.8
107.98,2200.8,-5.47,5.79
108.07,2201.8,-5.35,5.8
108.16,2202.8,-5.56,5.59
108.26,2203.9,-5.44,5.68
108.35,2204.9,-5.95,5.24
108.44,2205.8,-5.17,5.77
108.53,2206.8,-5.8,5.31
108.62,2207.8,-4.94,5.77
108.72,2208.9,-5.16,5.5
108.81,2209.9,-4.98,5.54
108.9,2210.9,-5.16,5.54
108.99,2211.9,-5.42,5.19
109.08,2212.9,-4.84,5.78
109.18,2214,-5.08,5.34
109.27,2215,-5.29,5.01
109.36,2216,-4.98,5.4
109.45,2217,-5.29,5.1
109.54,2217.9,-5.5,5.13
109.64,2219,-5.82,4.54
109.73,2220,-5.64,5.02
109.83,2221.1,-5.51,5.31
109.93,2222.2,-5.45,5.32
110.03,2223.3,-5.6,5.28
110.13,2224.4,-5.59,5
110.23,2225.5,-5.45,5.35
110.33,2226.6,-5.57,5.28
110.43,2227.7,-5.78,5.36
110.53,2228.8,-5.87,4.84
110.63,2229.9,-6.32,4.01
110.73,2231,-7.38,2.53
110.83,2232.1,-6.35,3.99
110.93,2233.2,-6.27,4.31
111.03,2234.3,-6.81,3.58
111.23,2236.3,-5.67,4.91
111.33,2237.3,-5.84,5.23
111.43,2238.3,-7.58,1.56
111.53,2239.3,-6.14,4.66
111.63,2240.3,-6.62,4.05
111.73,2241.3,-6.57,3.78
111.83,2242.3,-6.34,3.93
111.93,2243.3,-6.57,3.87
112.03,2244.3,-6.38,4.2
112.13,2245.4,-6.28,4.2
112.23,2246.5,-6.35,3.52
112.33,2247.6,-6.24,4.48
112.43,2248.7,-5.94,4.48
112.53,2249.8,-6.74,3.02
112.63,2250.9,-5.76,4.87
112.73,2252,-6.22,3.7
112.82,2253,-5.58,5.57
112.92,2254.1,-5.33,5.51
113.02,2255.2,-5.52,5.26
113.11,2256.2,-5.66,4.91
113.21,2257.3,-5.26,4.93
113.31,2258.4,-5.19,5.71
113.41,2259.5,-4.94,5.66
113.5,2260.5,-5.36,5.68
113.6,2261.6,-5.19,5.87
113.7,2262.7,-5.31,5.46
113.79,2263.7,-5.63,5.22
113.89,2264.8,-5.69,4.01
113.99,2265.9,-5.41,5.25
114.08,2266.9,-5.57,5.23
114.18,2268,-5.6,4.84
114.28,2269.1,-5.65,4.77
114.38,2270.2,-5.49,5.49
114.47,2271.2,-5.8,5.34
114.57,2272.3,-5.75,5.26
114.67,2273.4,-6.01,4.79
114.76,2274.4,-6.07,5.07
114.86,2275.5,-6.31,4.77
114.96,2276.6,-6.31,4.99
115.05,2278.5,-6.3,4.46
115.15,2281.5,-6.6,3.71
115.25,2284.5,-6.49,4.12
115.35,2287.5,-6.33,4.62
115.44,2290.2,-6.34,4.31
115.54,2293.2,-6.4,4.84
115.64,2296.2,-6.01,3.54
115.73,2298.9,-6.87,2.7
115.85,2302.5,-6.47,3.34
115.99,2306.7,-6.31,4.85
116.13,2310.9,-7.13,2.48
116.28,2315.4,-6.86,3.65
116.42,2319.6,-7.16,2.56
116.56,2323.8,-7.97,1.22
116.7,2328,-8.06,0.71
116.84,2332.2,-7.69,1.05
116.98,2336.4,-9.73,-2.85
117.12,2340.6,-7.05,3.51
117.25,2344.5,-6.4,4.95
117.38,2348.4,-6.82,3.88
117.5,2352,-12.95,-7.12
117.63,2355.9,-9.86,-2.72
117.75,2359.5,-6.7,3.28
117.88,2363.4,-8.88,-0.26
118.88,2393.4,-11.61,-3.41
119,2397,-11.73,-2
119.13,2400.9,-7.71,2.35
119.25,2404.5,-8.08,1.06
119.38,2408.4,-6.53,4.01
119.5,2412,-6.97,3.69
119.63,2415.9,-10.46,-2.47
119.75,2419.5,-9.7,-0.92
119.86,2422.8,-10.16,-2.36
119.98,2426.4,-9.47,-1.96
120.09,2429.7,-9.15,-0.14
120.21,2433.3,-9.11,0.53
120.32,2436.6,-11.92,-3.57
120.43,2439.9,-8.08,2.12
120.55,2443.5,-5.97,2.95
120.66,2446.8,-6.65,4.26
120.78,2450.4,-6.6,4.74
120.89,2453.7,-6.86,3.41
121,2457,-7.1,4.04
121.12,2460.6,-7.35,3.17
121.23,2463.9,-7.03,3.56
121.35,2467.5,-7.37,3.29
121.45,2470.5,-9.28,1.32
121.55,2473.5,-10.6,-3.38
121.65,2476.5,-12.38,-6.51
121.75,2479.5,-11.2,-4.68
121.85,2482.5,-11.99,-6.14
121.95,2485.5,-13.43,-6.14
122.05,2488.5,-12.83,-9.62
122.15,2491.5,-13.64,-7.87
122.25,2494.5,,
122.35,2497.5,,
122.45,2500.5,,
122.56,2503.8,,
122.66,2506.8,,
122.77,2510.1,,
122.87,2513.1,-12.78,-5.29
122.98,2516.4,-13.27,-5.54
123.08,2519.4,-12.46,-3.08
123.18,2522.4,,
123.29,2525.7,-13.27,-5.6
123.39,2528.7,,
123.5,2532,,
123.6,2535,-12.75,-3.48
123.71,2538.3,-12.76,-4.12
123.81,2541.3,-12.06,-2.95
123.92,2544.6,-11.78,-2.85
124.02,2547.6,-11.31,-2.63
124.12,2550.6,-10.27,-1.04
124.23,2553.9,-8.7,0.84
124.33,2556.9,-9.01,1.44
124.44,2560.2,-9.74,-1.3
124.54,2563.2,-10.68,-3.31
124.65,2566.5,-11.42,-8.94
124.75,2569.5,-9.38,-0.53
124.84,2572.2,-10.27,-8.66
124.92,2574.6,-7.23,3.57
125.01,2577.3,-7.45,2.42
125.09,2579.7,-9.11,-0.79
125.18,2582.4,-7.65,2.43
125.26,2584.8,-9.01,0.46
125.35,2587.5,-6.99,3.66
125.44,2590.2,-10.92,-14.79
125.53,2592.9,-10.19,-2.71
125.63,2595.9,,
125.72,2598.6,-9.66,-10.2
125.81,2601.3,-9.87,-12.12
125.9,2604,,
125.99,2606.7,-11.96,-13.61
126.09,2609.6,-10.42,-5.39
126.18,2612.2,-12.48,-5.47
126.27,2614.8,-10.61,-2.56
126.36,2617.4,-10,-1.92
126.45,2620.1,-9.19,-0.75
126.55,2623,-8.63,0.91
126.64,2625.6,-8.45,0.95
126.73,2628.2,-11.3,-7.53
126.82,2630.8,,
126.91,2633.4,-8.01,0.7
127.01,2636.3,,
127.1,2639,-7.38,0.09
127.19,2641.7,-6.29,3.8
127.28,2644.4,-6.41,4.31
127.37,2647.1,-6.49,3.7
127.47,2650.1,-6.89,3.25
127.56,2652.8,-7.12,-2.25
127.65,2655.5,-7.68,1.75
127.73,2657.9,-7.79,1.32
127.81,2660.3,-7.73,2.14
127.89,2662.7,-8.21,0.97
127.98,2665.4,-7.78,1.83
128.06,2667.8,-7.95,0.88
128.14,2670.2,-7.91,1.9
128.22,2672.6,-7.25,3.42
128.3,2675,-7,3.17
128.38,2677.4,-7.06,3.43
128.46,2679.8,-6.89,3.23
128.54,2682.2,-6.48,3.53
128.63,2684.9,-7.03,3.32
128.71,2687.3,-6.83,3.54
128.79,2689.7,-6.66,3.55
128.87,2692.1,-7.2,2.95
128.95,2694.5,-7.99,1.51
129.03,2696.9,-9.49,-1.1
129.12,2699.6,-10.06,-6.57
129.2,2702,-10.67,-3.52
129.28,2704.4,-10.94,-3.58
129.37,2707.1,-8.89,-0.29
129.45,2709.5,-7.8,2.1
129.53,2711.9,-7.23,2.93
129.62,2714.6,-6.92,3.05
129.7,2717,-6.67,3.95
129.78,2719.4,-6.51,4.31
129.87,2722.1,-6.5,3.64
129.95,2724.5,-6.24,4.77
130.03,2726.9,-6.25,4.66
130.12,2729.6,-6.56,4.58
130.2,2732,-6.27,4.84
130.28,2734.4,-6.73,2.55
130.37,2737.1,-6.07,5.36
130.45,2739.5,-6.1,5.26
130.53,2741.9,-6.12,5.47
130.62,2744.6,-6.02,5.25
130.7,2747,-6.09,5.28
130.78,2749.4,-6.17,4.59
130.87,2752.1,-6.16,5.26
130.95,2754.5,-6.08,4.01
131.03,2756.9,-6.1,5.68
131.12,2759.6,-6.04,5.2
131.2,2762,-6.38,5.11
131.28,2764.4,-6.27,5.75
131.37,2767.1,-6.14,5.7
131.45,2769.5,-6.14,5.67
131.53,2771.9,-6.31,5.19
131.62,2774.6,-6.39,5.2
131.7,2777,-6.21,5.27
131.78,2779.4,-6.33,4.75
131.87,2782.1,-6.2,5.05
131.95,2784.5,-6.47,5.11
132.05,2787.5,-6.3,4.73
132.16,2790.8,-6.38,4.89
132.26,2793.8,-6.07,4.72
132.37,2797.1,-6.47,4.29
132.47,2800.1,-6.34,4.55
132.57,2803.1,-6.19,4.84
132.68,2806.4,-6.49,4.15
132.78,2809.4,-6.65,4.27
132.88,2812.4,-6.98,4.04
132.99,2815.7,-7.23,3.63
133.09,2818.7,-8.25,1.75
133.2,2822,-7.4,3.2
133.3,2825,-7.02,4.23
133.4,2828,-6.98,3.91
133.51,2831.3,-6.82,4.05
133.61,2834.3,-6.62,4.62
133.72,2837.6,-6.43,4.6
133.82,2840.6,-6.93,3.43
133.92,2843.6,-6.62,4.67
134.03,2846.9,-6.85,3.7
134.13,2849.9,-6.62,3.74
134.23,2852.9,-6.27,4.64
134.34,2856.2,-6.54,4.24
134.44,2859.2,-6.24,4.79
134.55,2862.5,-6.34,4.18
134.65,2865.5,-6.58,4.57
134.76,2868.8,-6.48,4.46
134.86,2871.8,-6.53,3.5
134.97,2875.1,-6.55,3.87
135.07,2878.1,-6.2,4.62
135.18,2881.4,-6.18,5.05
135.29,2884.7,-6.27,4.92
135.39,2887.7,-6.4,4.92
135.5,2891,-7.92,3.39
135.61,2894.3,-6.52,5.12
135.71,2897.3,-6.12,5.36
135.82,2900.6,-6.19,5.23
135.92,2903.6,-4.43,5.63
136.03,2906.9,-5.73,5.49
136.14,2910.2,-6.34,5.56
136.24,2913.2,-6.7,5.37
136.35,2916.5,-6.6,5.12
136.85,2931.5,-6.97,4.54
136.98,2935.4,-8.44,1.56
137.12,2939.6,-6.38,4.21
137.25,2943.5,-6.13,5.02
137.38,2947.4,-5.82,5.66
137.52,2951.6,-6.1,5.14
137.65,2955.5,-6.25,5.13
137.78,2959.4,-6.46,4.58
137.92,2963.6,-7.99,2.38
138.05,2967.5,-7.23,3.44
138.14,2970.2,-7.03,1.3
138.24,2973.2,-7.9,0.63
138.33,2975.9,-6.49,3.59
138.42,2978.6,-7.01,2.34
138.51,2981.3,-6.63,2.44
138.61,2984.3,-6.8,2.27
138.7,2987,-5.87,5.25
138.8,2990,-5.66,5.4
138.91,2993.3,-6.6,4.46
139.01,2996.3,-5.56,5.15
139.11,2999.3,-6.31,4.02
139.22,3002.6,-5.69,5.22
139.32,3005.6,-6.48,3.8
139.42,3008.6,-6.74,3.33
139.52,3011.6,-6.46,3.97
139.63,3014.9,-6.71,3.94
139.73,3017.9,-6.91,3.22
139.83,3020.9,-7.37,2.78
139.94,3024.2,-6.74,3.93
140.04,3027.2,-6.5,4.53
140.14,3030.2,-6.54,4.09
140.25,3033.5,-6.12,4.27
140.35,3036.5,-6.85,3.13
140.45,3039.5,-6.35,3.41
140.56,3042.8,-6.6,2.18
140.66,3045.8,-6.44,3.49
140.76,3048.8,-7.11,2.87
140.87,3052.1,-7.65,1.91
140.97,3055.1,-7.9,2.1
141.07,3058.1,-8.15,1.77
141.17,3061.1,-6.57,4.31
141.28,3064.4,-6.5,4.52
141.38,3067.4,,
141.48,3070.4,-6.92,3.13
141.59,3073.7,-6.61,3.77
141.69,3076.7,-6.66,4.41
141.79,3079.7,-6.66,3.6
141.9,3083,-6.95,3.85
142,3086,-6.79,4.55
142.12,3089.6,-6.44,4.43
142.24,3093.2,-6.41,4.51
142.36,3096.8,-6.59,3.49
142.49,3100.7,,
142.61,3104.3,-6.83,3.22
142.73,3107.9,,
142.85,3111.5,-9.52,-0.71
142.99,3115.7,-6.46,4.1
143.14,3120.2,-6.31,4.68
143.28,3124.4,-6.77,3.76
143.42,3128.6,-6.11,4.68
143.56,3132.8,-6.19,4.64
143.71,3137.3,-5.91,5.2
143.85,3141.5,-6.04,5.18
143.98,3145.4,-5.88,4.88
144.12,3149.6,-6.31,4.35
144.25,3153.5,-6.1,4.68
144.38,3157.4,-6.23,4.08
144.52,3161.6,-5.67,5.24
144.65,3165.5,-6.04,4.94
144.73,3167.9,-6.15,4.72
144.81,3170.3,-5.88,5.33
144.88,3172.4,-5.69,5.21
144.96,3174.8,-5.77,5.05
145.04,3177.2,-6.53,4.33
145.12,3179.6,-5.71,5.56
145.2,3182,-5.62,5.51
145.28,3184.4,-5.56,5.37
145.35,3186.5,-5.96,4.27
145.43,3188.9,-5.31,5.26
145.51,3191.3,-5.34,5.28
145.59,3193.7,-6.51,4.23
145.67,3196.1,-6.36,4.04
145.75,3198.5,-6.73,4.09
145.82,3200.6,-6.36,4.28
145.9,3203,-6.7,3.44
145.98,3205.4,-6.23,4.21
146.06,3207.8,-6.02,4.69
146.14,3210.2,-5.36,5.14
146.22,3212.6,-5.66,4.72
146.29,3214.7,-5.62,4.36
146.37,3217.1,-5.31,5.25
146.45,3219.5,-5.86,4.71
146.58,3223.4,-5.39,5.39
146.72,3227.6,-6.01,4
146.85,3231.5,-5.86,4.57
146.95,3234.5,-6.06,3.82
147.05,3237.5,-5.82,4.19
147.16,3240.8,-5.93,3.91
147.27,3244.1,-6.25,3.41
147.37,3247.1,-6.09,4.08
147.48,3250.4,-5.88,4.87
147.59,3253.7,-5.31,5.3
147.7,3257,-5.57,4.66
147.81,3260.3,-4.95,5.38
147.92,3263.6,-6.18,4.13
148.02,3266.6,-5.27,4.51
148.13,3269.9,-6.08,3.55
148.24,3273.2,-5.75,4.25
148.35,3276.5,-6.8,2.02
148.42,3278.6,-6.43,3.24
148.48,3280.4,-6.16,3.82
148.55,3282.5,-5.87,3.38
148.66,3285.8,-5.73,4.16
148.77,3289.1,-5.84,3.87
148.88,3292.4,-5.76,4.11
148.99,3295.7,-6.06,3.63
149.11,3299.3,-5.94,3.65
149.22,3302.6,-6.15,3.43
149.33,3305.9,-6.13,3.64
149.44,3309.2,-5.83,4.17
149.55,3312.5,-5.68,4.54
149.64,3315.2,-5.66,4.9
149.73,3317.9,-5.57,5.04
149.83,3320.9,-5.35,4.94
149.92,3323.6,-5.79,4.89
150.01,3326.3,-5.8,4.83
150.1,3329,,
150.2,3332,-5.96,4.78
150.29,3334.7,-5.81,5.24
150.38,3337.4,-5.73,5.44
150.47,3340.1,-5.81,5.3
150.57,3343.1,-5.94,5.13
150.66,3345.8,-6.55,5
150.75,3348.5,-5.72,5.41
150.84,3351.2,-5.92,5.37
150.93,3353.9,-5.96,5.42
151.03,3356.9,-5.87,5.5
151.12,3359.6,-6,5.41
151.21,3362.3,-5.91,5.39
151.3,3365,-6.03,5.18
151.4,3368,-6.11,5.16
151.49,3370.7,-6.09,5.28
151.58,3373.4,-6.08,5.21
151.67,3376.1,-6.18,5.19
151.77,3379.1,-6.03,4.88
151.86,3381.8,-5.95,5.27
151.95,3384.5,-5.78,5.19
152.06,3387.8,-5.74,5
152.17,3391.1,-6.02,3.86
152.28,3394.4,-6.09,3.91
152.39,3397.7,-6.11,4.19
152.49,3400.7,-6.21,3.49
152.6,3404,-6.01,3.79
152.71,3407.3,-7.89,0.8
152.82,3410.6,-7.89,-2.57
152.93,3413.9,,
153.04,3417.3,-10.67,-4.72
153.15,3421,-12.63,-4.29
153.26,3424.6,-6.96,-1.46
153.36,3427.9,-7.92,-1.41
153.47,3431.5,-6.29,0.61
153.58,3435.1,-5.8,0.24
153.69,3438.8,-6.06,0.36
153.8,3442.4,-5.8,2.03
153.91,3446,-5.71,3.93
154.01,3449.3,-5.71,3.89
154.12,3453,-5.98,3.68
154.22,3456.3,-5.85,4.13
154.33,3459.9,-6.03,3.89
154.44,3463.5,-6.2,4.24
154.54,3466.8,-6.26,4.81
154.65,3470.5,-6.27,4.91
154.8,3475.4,-6.29,3.82
154.95,3480.4,-6.05,3.33
155.1,3485.3,-6.24,4.75
155.25,3490.3,-6.34,4.76
155.4,3495.2,-6.33,4.92
155.55,3500.2,-6.37,3.42
155.69,3504.8,-6.42,5.12
155.83,3509.4,-6.34,5.11
155.97,3514,-6.36,5.09
156.11,3518.7,-6.33,4.8
156.25,3523.5,-6.4,4.61
156.36,3527.2,-5.99,4.29
156.48,3531.3,-5.85,4.07
156.59,3535.1,-5.97,3.7
156.71,3539.1,-6.41,3.52
156.82,3542.9,-6.26,3.81
156.93,3546.6,-6.42,4.14
157.05,3550.7,-6.32,4.34
157.16,3554.3,-6.3,4.19
157.28,3558.2,-6.88,3.45
157.39,3561.9,-6.78,2.67
157.5,3565.5,-7.24,0.56
157.62,3569.5,-7.61,-0.47
157.73,3573.1,-6.84,0.89
157.85,3577.1,-6.76,3.27
157.96,3580.7,-6.75,3.27
158.07,3584.3,,
158.19,3588.3,-7.4,1.27
158.3,3591.9,-7.08,1.62
158.42,3595.9,-7.2,1.82
158.53,3599.5,-6.9,2.68
158.64,3603.1,-7.01,2.56
158.76,3607.1,-6.92,2.52
158.87,3610.7,-7.16,2.29
158.99,3614.7,-7.13,3.15
159.1,3618.4,-6.92,4.07
159.21,3622.1,-7,4.18
159.33,3626.2,-6.98,4.06
159.44,3630,-6.82,4.24
159.56,3634,-6.96,3.63
159.67,3637.8,-6.71,3.17
159.78,3641.5,-6.42,2.05
159.9,3645.6,-6.26,2.9
160.01,3649.3,-6.33,2.85
160.13,3653.3,-6.31,3.32
160.24,3656.9,-6.48,2.93
160.35,3660.6,-6.41,1.93
160.47,3664.5,-6.35,2.54
160.58,3668.1,-6.44,3.45
160.7,3672.1,-6.56,3.88
160.81,3675.7,-6.62,2.92
160.92,3679.4,-6.34,3.4
161.03,3683,-6.45,5.19
161.13,3686.3,-6.5,4.5
161.24,3689.9,-6.42,5.56
161.34,3693.2,-6.4,5.18
161.45,3696.9,-6.62,4.13
161.55,3700.2,-6.5,5.1
161.66,3703.8,-6.4,5.13
161.76,3707.1,-7.07,2.31
161.87,3710.7,-6.51,4.91
161.97,3714,-6.31,5.46
162.08,3717.7,-6.43,5.54
162.18,3721.1,-6.48,5.32
162.29,3724.9,-6.57,4.75
162.39,3728.3,-6.45,4.61
162.5,3732,-6.28,4.89
162.6,3735.4,-6.23,5.33
162.71,3739.1,-6.47,4.7
162.81,3742.5,-6.52,5.14
162.92,3746.3,-6.3,5.17
163.02,3749.7,-7.07,1.45
163.11,3752.6,-6.16,4.72
163.2,3755.6,-6.24,2.93
163.29,3758.6,-6.58,2.55
163.38,3761.5,-5.95,4.42
163.47,3764.5,-6.46,2.39
163.56,3767.5,-5.92,4.92
163.65,3770.5,-6.08,5.05
163.74,3773.4,-6.14,4.96
163.85,3777.1,-6.16,5.19
163.96,3780.7,-6.28,5.13
164.07,3784.3,-6.23,5.32
164.18,3787.9,-6.07,4.56
164.29,3791.6,-5.87,3.7
164.4,3795.2,-5.88,4.11
164.51,3798.8,-6.16,3.98
164.62,3802.5,-5.79,5.71
164.72,3805.8,-5.78,4.57
164.83,3809.4,-6.24,3.25
164.94,3813,-6.27,4.22
165.05,3816.7,-6.35,3.19
165.16,3820.4,-6.29,4.51
165.27,3824.2,-6.44,3.82
165.38,3827.9,-6.64,2.54
165.49,3831.7,-6.44,3.58
165.6,3835.4,-6.57,2.54
165.71,3839.1,-6.35,4.3
165.81,3842.5,-6.42,3.59
165.92,3846.3,-6.5,2.91
166.03,3850,-6.45,1.66
166.14,3853.6,-5.96,4.98
166.25,3857.3,-5.84,5.3
166.36,3860.9,-6,4.49
166.47,3864.5,-5.93,4.21
166.58,3868.1,-5.65,4.87
166.69,3871.8,-5.49,5.49
166.8,3875.4,-5.36,5.07
166.9,3878.7,-5.43,5.48
167.01,3882.3,-5.9,4.06
167.12,3886,-6,3.67
167.22,3889.3,-5.89,3.79
167.32,3892.6,-5.87,4.54
167.42,3895.9,-6.32,3.62
167.52,3899.2,-6.21,2.99
167.62,3902.5,-6.06,2.93
167.72,3905.8,-6.46,1.75
167.82,3909.1,-6.39,3.36
167.92,3912.4,-6.67,3.23
168.02,3915.7,-6.7,2.42
168.12,3919.1,-8.32,-1.28
168.25,3923.5,-6.32,1.56
168.37,3927.6,-9.51,-1.93
168.49,3931.7,-5.84,3.72
168.62,3936.1,-5.97,4.48
168.74,3940.2,-5.82,2.86
168.87,3944.6,-5.71,4.19
168.99,3948.7,-6.06,4.21
169.11,3952.6,-7.5,3.06
169.21,3955.9,-6.38,3.48
169.31,3959.2,-6.26,3.68
169.41,3962.5,-6.17,4.3
169.51,3965.8,-5.88,4.72
169.61,3969.1,-5.82,4.88
169.71,3972.4,-5.8,4.84
169.81,3975.7,-6.16,4.21
169.93,3979.7,-6.29,3.72
170.04,3983.3,-5.88,4.58
170.15,3987,-6.05,4.78
170.26,3990.6,-6.47,4.18
170.38,3994.5,-6.23,4.36
170.49,3998.2,-5.9,4.46
170.6,4001.8,-6.07,4.48
170.71,4005.4,-5.72,4.84
170.81,4008.7,-6.84,3.56
170.9,4011.7,-6.28,4.07
171,4015,-5.82,4.82
171.09,4018.1,-6.06,4.07
171.19,4021.5,-6.18,4.37
171.28,4024.5,-6.75,2.68
171.37,4027.6,-6.73,2.7
171.47,4031,-6.6,3.33
171.56,4034,-7.4,2.44
171.66,4037.4,-6.88,3.07
171.75,4040.5,-7.04,2.69
171.84,4043.6,-6.87,2.48
171.94,4047,-6.4,2.44
172.03,4050,-6.71,2.12
172.13,4053.3,-6.52,3.21
172.22,4056.3,-6.48,3.87
172.31,4059.2,-9.01,1.29
172.38,4061.5,-8.29,-1.81
172.44,4063.5,-7.13,1.49
172.51,4065.8,-6.87,3.87
172.57,4067.8,-6.61,3.06
172.63,4069.8,-5.92,4.5
172.7,4072.1,-6.37,3.62
172.76,4074.1,-6.13,4.58
172.82,4076.1,-6.69,3.31
172.89,4078.4,-7.95,1.4
172.95,4080.4,-8.17,1.4
173.01,4082.3,-8.96,0.45
173.14,4086.6,-8.71,0.64
173.26,4090.6,-7.88,2
173.38,4094.5,-7.34,2.47
173.5,4098.5,-6,3.96
173.63,4102.8,-6.4,3.81
173.75,4106.8,-5.76,4.83
173.87,4110.7,-5.98,4.31
173.99,4114.7,-6.1,4
174.11,4118.7,-6.13,3.06
174.24,4123.2,-6.18,3.72
174.36,4127.2,-6.31,4.34
174.48,4131.3,-6.1,4.51
174.6,4135.4,-6.16,4.32
174.73,4139.8,-6.55,3.45
174.85,4143.9,-6.47,2.91
174.97,4148,-6.56,4.08
175.09,4152,-6.1,4.84
175.21,4155.9,-6.13,4.48
175.32,4159.6,-6.39,4.11
175.42,4162.9,-6.42,4.4
175.53,4166.5,-6.37,4.25
175.63,4169.8,-5.91,5.46
175.74,4173.4,-5.95,5.05
175.84,4176.7,-6.94,3.84
175.95,4180.4,-6.14,4.77
176.05,4183.7,-6.38,4.17
176.16,4187.3,-5.97,4.63
176.26,4190.6,-6.18,4.62
176.37,4194.2,-5.75,5.42
176.47,4197.5,-6.18,4.78
176.57,4200.8,-6.5,3.65
176.68,4204.4,-5.84,5.13
176.78,4207.7,-5.99,5.17
176.89,4211.4,-5.92,5.15
176.99,4214.7,-5.74,5.51
177.1,4218.3,-5.88,5.18
177.2,4221.6,-5.8,5.4
177.31,4225.2,-6.5,4.42
177.41,4228.5,-6.1,5.05
177.52,4232.2,-6.96,3.11
177.63,4235.8,-6.12,4.02
177.73,4239.1,-6.55,3.08
177.84,4242.7,-6.03,4.75
177.95,4246.4,-6.15,4.32
178.05,4249.7,-6,4.51
178.16,4253.4,-6.38,4.03
178.27,4257.2,-6.52,3.12
178.37,4260.6,-6.32,4.73
178.48,4264.3,-7.16,3.1
178.59,4268.1,-6.89,3.77
178.69,4271.5,-8.08,1.85
178.8,4275.2,-6.53,4.37
178.9,4278.6,-7.23,3.48
179.01,4282.3,-6.82,4.67
179.12,4286,-7.57,2.73
179.22,4289.3,-7.11,3.7
179.33,4292.9,-6.79,3.96
179.44,4296.5,-7.21,3.27
179.54,4299.8,-7.67,2.2
179.65,4303.5,-7.28,2.13
179.76,4307.1,-7.44,2.38
179.86,4310.4,-7.27,2.69
179.97,4314,-7.07,2.56
180.07,4317.3,-7.22,2.44
180.18,4320.9,-7.26,1.5
180.29,4324.6,-7.79,1.25
180.39,4327.9,-8.2,0.81
180.5,4331.5,-8.77,0.76
180.61,4335.1,-8.39,0.76
180.71,4338.4,-8.12,0.79
180.78,4340.7,-7.68,1.52
180.85,4343.1,-5.83,4.44
180.92,4345.4,-5.84,3.62
180.99,4347.7,-5.63,3.95
181.06,4350,-5.79,4.32
181.13,4352.4,-6.2,3.27
181.2,4354.8,-6.9,2.83
181.27,4357.2,-6.99,2.63
181.34,4359.6,-6.58,3.02
181.4,4361.6,-6.53,2.46
181.47,4364,-6.43,1.63
181.54,4366.4,-6.65,2.95
181.61,4368.7,-6.66,3.33
181.7,4371.8,-6.07,4.81
181.79,4374.9,-6.09,5.04
181.87,4377.6,-6.1,4.93
181.96,4380.6,-6.14,4.89
182.05,4384.2,-5.88,5.03
182.13,4387.7,-5.77,5.05
182.22,4391.7,-6.01,5.1
182.31,4395.6,-6.14,4.91
182.39,4399.2,-5.99,5.18
182.48,4403.1,-6.12,5.28
182.57,4407.1,-6.09,5.41
182.65,4410.6,-6.08,5.37
182.74,4414.6,-6.33,5.03
182.83,4418.5,-5.94,5.37
182.91,4422,-6.31,4.97
183.01,4426.6,-6.2,5.07
183.11,4432.1,-6.26,5.25
183.21,4437.6,-6.03,5.47
183.31,4443.1,-5.86,5.62
183.41,4448.6,-6.14,5.1
183.51,4454.1,-6.11,5.48
183.61,4459.6,-5.85,5.49
183.71,4465.1,-6.26,4.55
183.81,4470.6,-6.29,4.38
183.91,4476.1,-6.39,3.95
184.01,4481.5,-6.44,3.84
184.11,4486.9,-6.22,3.16
184.21,4492.3,-6.69,2.92
184.31,4497.7,-6.22,4.41
184.41,4503.1,-5.88,4.68
184.51,4508.5,-6.13,4.47
184.6,4513.4,-5.98,3.16
184.69,4518.3,-6.74,2.21
184.78,4523.1,-6.18,3.6
184.87,4528,-6.96,1.27
184.96,4532.8,-6.62,3.08
185.05,4537.8,-6.39,3.22
185.14,4542.7,-6.3,3.79
185.23,4547.7,-6.44,2.93
185.32,4552.6,-7.58,2.17
185.41,4557.6,-6.88,3.13
185.51,4563.1,-7.35,3.62
185.61,4568.6,-6.2,4.65
185.71,4574.1,-6.22,4.83
185.81,4579.6,-6.64,3.51
185.91,4585.1,-6.64,3.8
186.01,4590.6,-6.82,3.09
186.11,4596.1,-6.63,3.37
186.21,4601.6,-6.47,3.81
186.31,4607.1,-6.62,3.5
186.41,4612.6,-6.51,4.23
186.51,4618.1,-6.59,3.62
186.61,4623.6,-6.81,3.53
186.71,4629.1,-6.39,4.29
186.8,4634,-6.71,3.66
186.89,4639,-6.98,2.35
186.97,4643.4,-7.46,1.77
187.06,4648.3,-6.85,3.17
187.15,4653.3,-6.66,2.81
187.24,4658.2,-6.77,2.43
187.32,4662.6,-7,3.21
187.41,4667.6,-7.2,2.37
187.59,4677.5,-8.12,0.46
187.76,4686.8,-8.09,1.53
187.94,4696.7,-7.31,2.15
188.11,4706.1,-6.35,4.79
188.24,4713.2,-6.16,5.1
188.37,4720.4,-6.31,4.66
188.5,4727.5,-7.14,3.43
188.63,4734.7,-6.62,4.3
188.76,4741.8,-6.31,4.69
188.89,4749,-6.88,3.18
189.03,4756.7,-6.76,4.08
189.16,4763.8,-7.19,2.39
189.29,4771,-6.7,3.86
189.42,4778.1,-6.52,4.05
189.55,4785.3,-7.06,2.77
189.68,4792.4,-6.36,3.39
189.81,4799.6,-6.43,3.4
189.94,4806.7,-6.39,4.08
190.07,4813.8,-6.18,4.66
190.2,4820.8,-5.86,4.92
190.33,4827.8,-6.33,4.18
190.46,4834.8,-6.82,3.21
190.59,4841.9,-6.25,3.76
190.72,4848.9,-6.22,3.85
190.85,4855.9,-7.37,2.72
190.98,4862.9,-6.38,3.39
191.11,4870.1,-6.65,3.58
191.2,4875,-5.81,5.22
191.28,4879.4,-5.98,5.16
191.37,4884.4,-6.23,5.32
191.46,4889.3,-6.16,5.48
191.54,4893.7,-6.26,5.24
191.63,4898.7,-6.11,5.35
191.72,4903.6,-6.15,5.2
191.8,4908,-6.05,5.31
191.89,4913,-6.2,5.21
191.98,4917.9,-6.34,5.21
192.06,4922.3,-6.13,5.64
192.15,4927.3,-6.3,5.46
192.24,4932.2,-6.19,5.43
192.32,4936.6,-6.05,5.58
192.41,4941.6,-6.47,5.27
192.49,4946,-6.44,5
192.58,4950.9,-6.72,3.78
192.66,4955.3,-6.66,4.26
192.74,4959.7,-6.26,4.59
192.83,4964.7,-7.35,3.81
192.91,4969.1,-6.51,4.08
192.99,4973.5,-7.07,3.07
193.08,4978.4,-7.06,3.33
193.16,4982.8,-7.99,2.99
193.24,4987.2,-6.77,3.98
193.33,4992.2,-6.88,3.05
193.41,4996.6,-6.62,4.33
193.49,5001,-6.28,4.34
193.56,5004.8,-7,3.13
193.64,5009.2,-7.63,2.28
193.71,5013.1,-6.73,3.46
193.79,5017.5,-6.94,3.35
193.86,5021.3,-7.13,3.41
193.94,5025.7,-6.82,4.24
194.01,5029.6,-6.9,3.73
194.11,5035.1,-6.52,4.75
194.21,5040.6,-5.91,4.75
194.31,5046.1,-6.01,4.7
194.41,5051.6,-6.18,5.12
194.5,5056.5,-6.2,5.94
194.58,5060.9,-6,5.16
194.67,5065.9,-6.38,3.95
194.75,5070.3,-7.77,2.99
194.84,5075.2,-6.99,3.84
194.93,5080.2,-6.06,4.76
195.01,5084.6,-6.07,4.43
195.1,5089.5,-6.53,3.64
195.18,5093.9,-6.53,3.75
195.27,5098.9,-6.47,2.2
195.36,5103.8,-6.36,2.52
195.44,5108.2,-6.28,1.66
195.53,5113.2,-6.16,2.49
195.61,5117.6,-5.79,3.51
195.7,5122.5,-5.84,2.25
195.79,5127.5,-6.27,1.89
195.87,5131.9,-6.15,2.08
195.93,5135.2,-6,5.38
195.99,5138.5,-6.17,5.5
196.05,5141.8,-5.98,5.8
196.11,5145.1,-6.04,5.64
196.17,5148.4,-6.16,5.61
196.23,5151.7,-6.14,5.58
196.29,5155,-6.18,5.71
196.35,5158.3,-6.1,5.42
196.41,5161.6,-7.3,0.51
196.47,5164.9,-5.85,3.97
196.57,5170.4,-5.69,4.16
196.66,5175.3,-5.86,2.83
196.76,5180.8,-5.6,1.39
196.86,5186.3,-6.36,0.62
196.95,5191.3,-7.08,0.13
197.05,5196.7,-6.81,1.15
197.14,5201.6,-6.47,4.49
197.24,5207,-6.19,4.48
197.34,5212.4,-6.23,4.07
197.43,5217.2,-7.31,3.28
197.5,5221,-7.95,2.39
197.58,5225.3,-6.23,5.16
197.65,5229.1,-6.96,4.03
197.72,5232.9,-6.5,4.36
197.8,5237.2,-6.44,4.49
197.87,5241,-6.59,4.56
197.94,5244.8,-6.49,4.52
198.04,5250.2,-6.47,4.14
198.14,5255.7,-6.18,4.45
198.24,5261.2,-6.07,4.38
198.35,5267.3,-6.2,4.07
198.45,5272.8,-6.4,3.95
198.55,5278.3,-6.13,4.42
198.65,5283.8,-6.48,4.58
198.75,5289.3,-6.41,4.42
198.85,5294.8,-6.34,4.19
198.95,5300.3,-6.17,4.26
199.05,5305.8,-6.61,2.68
199.15,5311.3,-6.21,4.57
199.25,5316.8,-6.2,4.86
199.36,5322.8,-6.17,2.57
199.46,5328.3,-6.87,1.27
199.56,5333.8,-6.59,1.69
199.66,5339.3,-6.9,2.54
199.76,5344.8,-6.84,2.33
199.86,5350.3,-6.8,2.11
199.96,5355.8,-7,2.33
200.12,5364.6,-7.44,1.29
200.29,5374,-7,2.42
200.46,5383.3,-6.69,2.77
200.62,5392.1,-7.3,1.2
200.79,5401.5,-7.4,1.8
200.96,5410.8,-7,2.83
201.07,5416.9,-6.99,3.46
201.18,5422.9,-7.44,2.29
201.29,5429,-7.38,4.57
201.4,5435,-7.26,4.56
201.51,5441.1,-7.36,3.02
201.62,5447.1,-7.37,2.54
201.73,5453.2,-7.01,3.5
201.85,5459.8,-6.8,3.76
201.96,5465.8,-7.03,3.51
202.05,5470.8,-7.06,3.93
202.15,5476.3,-6.47,4.33
202.24,5481.2,-6.36,4.53
202.34,5486.7,-6.41,4.45
202.43,5491.7,-5.91,4.65
202.53,5497.2,-6.2,4.49
202.62,5502.1,-6.36,3.84
202.72,5507.6,-6.35,4.34
202.81,5512.6,-6.12,4.44
202.91,5518.1,-6.49,3.95
203,5523,-6.35,4.21
203.1,5528.4,-6.04,4.51
203.19,5533.3,-5.69,4.68
203.29,5538.7,-6.08,3.98
203.38,5543.5,-6.42,3.66
203.48,5548.9,-6.21,4.18
203.58,5554.3,-6.14,4.27
203.68,5559.7,-6.24,4.34
203.78,5565.1,-6.33,4.39
203.88,5570.5,-6.11,4.63
203.98,5575.9,-6.3,4.13
204.08,5581.4,-6.54,4.25
204.18,5586.9,-6.68,4.15
204.26,5591.3,-6.66,3.46
204.34,5595.7,-6.48,3.43
204.43,5600.7,-6.57,3.32
204.51,5605.1,-6.48,3.44
204.59,5609.5,-6.72,3.43
204.68,5614.4,-6.87,3.37
204.79,5620.5,-7.06,2.75
204.91,5627.1,-7.18,3.31
205.03,5633.7,-7.33,2.71
205.14,5639.7,-7.54,2.94
205.26,5646.3,-7.84,2.18
205.38,5652.9,-7.96,2.04
205.47,5657.9,-8.48,0.66
205.56,5662.8,-8.62,0.68
205.65,5667.8,-7.06,2.58
205.74,5672.7,-6.71,3.32
205.83,5677.7,-6.92,3.37
205.92,5682.6,-6.39,4.3
206.01,5687.6,-6.21,4.73
206.1,5692.5,-6.93,4.41
206.19,5697.5,-6.78,4.74
206.28,5702.4,-8.07,4.01
206.39,5708.5,-6.83,4.5
206.5,5714.5,-6.82,4.05
206.62,5721.1,-6.26,4.65
206.73,5727.2,-6.56,4.08
206.84,5733.2,-6.37,4.45
206.96,5739.8,-6.48,3.82
207.07,5745.9,-6.11,4.61
207.18,5751.9,-6.5,3.93
207.3,5758.5,-5.62,5.4
207.41,5764.6,-5.99,4.82
207.52,5770.6,-5.42,5.29
207.64,5777.2,-8.77,3.21
207.75,5783.3,-5.45,5.29
207.86,5789.3,-5.76,5.24
207.98,5795.9,-6.1,4.7
208.08,5800.9,-5.61,5.12
208.18,5805.8,-5.57,5.14
208.28,5810.7,-5.66,4.61
208.38,5815.6,-5.84,4.47
208.48,5820.5,-6.33,3.67
208.58,5825.4,-7.49,3.71
208.68,5830.3,-6.01,4.5
208.78,5835.2,-6.16,4.32
208.88,5840.1,-6.27,4.3
208.98,5845,-6.23,4.33
209.05,5848.1,-5.9,4.55
209.13,5851.5,-5.96,4.66
209.2,5854.4,-5.85,4.74
209.28,5857.8,-5.86,4.48
209.35,5860.7,-5.76,4.25
209.43,5864.1,-5.96,3.76
209.5,5867,-6.26,3.44
209.58,5870.4,-6.58,3.08
209.65,5873.3,-6.34,3.25
209.73,5876.7,-6.73,3.35
209.8,5879.6,-7.63,2.09
209.88,5883,-7.3,2.64
209.97,5886.7,-6.37,3.5
210.06,5890.6,-8.8,2.07
210.16,5894.9,-7.29,1.97
210.25,5898.8,-6.63,3.73
210.34,5902.6,-6.64,4.04
210.44,5906.9,-6.43,4.07
210.53,5910.8,-6.56,3.5
210.62,5914.7,-6.94,2.26
210.72,5919,-6.78,3.24
210.81,5922.8,-6.38,3.54
210.9,5926.7,-6.46,3.63
210.99,5930.6,-7.83,2.91
211.09,5934.9,-6.39,3.79
211.18,5938.7,-6.36,3.86
211.27,5942.6,-6.66,3.28
211.4,5948.2,-7.45,2.45
211.53,5953.8,-7.53,2.04
211.66,5959.4,-8.36,0.9
211.79,5965,-8.9,0.35
211.92,5970.6,-7.78,1.81
212.05,5976.2,-7.63,2.29
212.18,5981.7,-6.49,3.8
212.3,5986.9,-6.83,3.3
212.42,5992.1,-5.73,4.16
212.54,5997.2,-6.03,3.64
212.66,6002.4,-7.35,2.79
212.78,6007.5,-6.28,3.34
212.9,6012.7,-6.75,2.8
213.02,6017.9,-6.27,3.12
213.14,6023,-6.7,2.56
213.26,6028.2,-6.6,2.56
213.38,6033.3,-7.3,2.18
213.5,6038.5,-9.08,0.46
213.62,6043.7,-8.7,0.34
213.74,6048.8,-6.61,2.83
213.86,6054,-6.97,2.95
213.98,6059.1,-7.05,2.84
214.08,6063.4,-7,2.78
214.18,6067.6,-6.18,3.27
214.28,6071.8,-7.27,2.48
214.38,6076,-6.12,3.93
214.48,6080.2,-6.02,3.58
214.58,6084.4,-5.78,3.83
214.68,6088.6,-5.74,3.94
214.78,6092.8,-5.93,3.17
214.88,6097,-5.74,3.61
214.98,6101.2,-5.87,3.76
215.1,6106.3,-6.07,4.14
215.23,6111.9,-5.45,4.13
215.36,6117.5,-5.45,4.14
215.49,6123.1,-5.15,4.21
215.62,6128.7,-5.32,3.75
215.75,6134.3,-5.36,3.98
215.88,6139.8,-6.05,3.73
215.98,6144.1,-6.28,3.56
216.08,6148.4,-6.46,3.63
216.18,6152.7,-7.06,3.35
216.28,6157,-5.67,4.07
216.38,6161.3,-5.73,4.15
216.48,6165.6,-6.91,3.38
216.58,6169.9,-5.9,3.83
216.68,6174.2,-5.88,4
216.78,6178.5,-5.92,3.81
216.88,6182.8,-5.4,4.2
216.98,6187.1,-7.02,3.33
217.08,6191.4,-7.64,2.72
217.18,6195.7,-5.86,3.92
217.28,6200,-5.93,4.5
217.38,6204.3,-6.07,3.81
217.48,6208.6,-6.38,3.47
217.58,6212.9,-6.46,3.36
217.68,6217.2,-6.14,3.46
217.78,6221.5,-6.05,3.84
217.88,6225.8,-5.87,3.63
217.98,6230.1,-6.43,2.69
218.08,6234.4,-6.21,3.45
218.18,6238.7,-6.26,3.57
218.28,6243,-6.54,3.19
218.38,6247.3,-6.73,2.96
218.48,6251.6,-6.96,2.69
218.58,6255.9,-6.58,3.34
218.68,6260.2,-6.37,3.88
218.78,6264.5,-6.45,4.11
218.88,6268.8,-6.51,3.93
218.98,6273.1,-6.41,3.76
219.08,6277.4,-6.4,3.61
219.18,6281.7,-6.11,3.63
219.28,6286,-6.36,3.27
219.38,6290.3,-6.06,3.59
219.48,6294.6,-6.49,3.25
219.58,6298.9,-6.1,3.61
219.69,6303.7,-6.71,3.79
219.8,6308.4,-6.93,3.53
219.91,6313.1,-6.53,3.75
220.03,6318.3,-6.5,3.82
220.14,6322.9,-6.69,3.95
220.25,6327.5,-6.42,3.77
220.36,6332.1,-6.14,4.16
220.48,6337.2,-6.28,4.02
220.61,6342.6,-6.76,3.81
220.74,6348.1,-6.46,3.89
220.88,6354,-6.54,3.98
221.01,6359.4,-6.86,3.77
221.14,6364.2,-6.72,3.69
221.28,6369.4,-6.09,4.34
221.41,6374.2,-6.88,3.62
221.54,6379,-6.54,4.04
221.67,6383.8,-6.7,4.1
221.78,6387.9,-6.71,3.85
221.89,6391.9,-7.13,2.92
222,6396,-7.41,2.62
222.11,6400.1,-6.68,3.4
222.22,6404.1,-6.67,3.44
222.32,6407.8,-6.7,3.29
222.43,6411.9,-5.64,4.49
222.54,6416,-6.58,3.69
222.65,6420.1,-6.29,3.66
222.76,6424.1,-5.88,4.2
222.87,6428.2,-6.05,3.48
222.97,6431.9,-5.65,4.15
223.1,6436.8,-5.63,4.27
223.22,6441.4,-5.36,3.87
223.35,6446.3,-5.28,3.89
223.47,6450.9,-5.63,3.78
223.6,6455.8,-6.43,3.34
223.72,6460.4,-6.4,2.67
223.85,6465.3,-7.64,1.61
223.97,6469.9,-7.57,1.88
224.06,6473.2,-9.03,0.69
224.15,6476.6,-7.54,2
224.24,6479.9,-6.45,3.12
224.33,6483.2,-6.52,3.28
224.42,6486.5,-6.32,3.29
224.51,6489.9,-6.31,3.6
224.6,6493.2,-5.91,3.91
224.69,6496.5,-5.81,4
224.78,6499.9,-6.73,2.45
224.87,6503.2,-7.97,1.55
224.99,6507.6,-8.06,0.97
225.1,6511.7,-8.06,1.33
225.21,6515.8,-6.08,4.28
225.32,6519.8,-6.44,4.26
225.44,6524.3,-5.91,4.14
225.55,6528.4,-6.54,2.96
225.66,6532.4,-5.94,3.47
225.77,6536.5,-6.52,2.91
225.87,6540.2,-9.46,-0.24
225.97,6543.9,-11.1,-0.84
226.07,6547.7,-9.35,1.04
226.17,6551.5,-6.61,3.2
226.27,6555.3,-7.12,2.69
226.37,6559.1,-7.85,2.28
226.47,6562.9,-6.76,2.81
226.61,6568.2,-5.36,3.79
226.74,6573.1,-5.2,3.67
226.87,6578.1,-5.61,3.92
227.01,6583.4,-5.86,3.47
227.14,6588.2,-6.88,2.6
227.27,6593,-6.07,3.43
227.37,6596.7,-5.77,3.53
227.47,6600.4,-5.7,3.77
227.57,6604.1,-5.93,3.69
227.67,6607.8,-6.79,2.5
227.77,6611.5,-8.26,1.2
227.87,6615.2,-8.45,1.33
227.97,6618.9,-7.27,2.05
228.07,6622.6,-6.49,3.03
228.17,6626.3,-5.83,3.31
228.27,6630,-6.24,2.66
228.37,6633.7,-7.28,2.1
228.47,6637.4,-10.24,-2.12
228.57,6641.1,-12.23,-5.98
228.67,6644.8,-10.19,-1.79
228.77,6648.5,-9.38,-0.71
228.87,6652.2,-7.61,2.03
228.97,6655.9,-6.74,3.28
229.07,6659.6,-6.39,3.52
229.16,6662.9,-5.96,3.55
229.25,6666.3,-6.24,3.25
229.35,6670,-6.62,2.95
229.44,6673.3,-6.08,3.37
229.53,6676.6,-5.87,3.45
229.62,6679.9,-5.81,3.56
229.72,6683.6,-5.64,3.7
229.81,6687,-5.66,3.78
229.9,6690.3,-5.2,3.85
230,6694,-5.4,3.73
230.09,6697.4,-5,3.79
230.18,6700.8,-5.26,3.67
230.27,6704.3,-5.97,3.11
230.37,6708.1,-6.38,2.63
230.47,6711.9,-6.78,2.59
230.57,6715.7,-6.23,3.21
230.67,6719.5,-6.45,2.84
230.77,6723.3,-6.65,2.84
230.87,6727.1,-5.81,3.21
230.97,6730.9,-5.04,3.69
231.07,6734.6,-4.94,3.72
231.17,6738.3,-5.33,3.53
231.27,6742,-6.16,3.37
231.37,6745.7,-6.45,3.07
231.47,6749.4,,
231.57,6753.1,-5.72,3.71
231.67,6756.8,-5.9,3.32
231.79,6761.2,-6.07,2.95
231.91,6765.7,-6.44,3.07
232.02,6769.7,-6.33,3.65
232.14,6774.2,-6.09,3.52
232.26,6778.6,-5.58,3.61
232.37,6782.7,-5.49,3.59
232.49,6787.1,-5.98,3.03
232.61,6791.6,-5.6,3.19
232.72,6795.6,-6.29,2.5
232.84,6800.1,-5.59,3.57
232.96,6804.5,-5.55,3.45
233.07,6808.6,-5.52,3.31
233.19,6813,-5.49,3.2
233.3,6817.1,-5.41,3.28
233.42,6821.5,-5.64,3.35
233.53,6825.6,-6.16,2.87
233.65,6830.1,-6.74,2.46
233.76,6834.1,-6.71,2.83
233.87,6838.2,-7.29,2.31
233.96,6841.5,-6.32,3.44
234.04,6844.5,-7.46,2.28
234.12,6847.6,-6.02,3.94
234.2,6850.6,-6.43,3.49
234.28,6853.6,-7.15,2.1
234.37,6857.1,-6.05,3.76
234.45,6860.1,-6.31,3.24
234.53,6863.1,-6.54,2.96
234.61,6866.2,,
234.69,6869.2,,
234.77,6872.3,,
234.89,6876.8,,
235.01,6881.4,-13.14,0.51
235.13,6885.8,-8.2,2.3
235.25,6890.3,-7.22,3.13
235.37,6894.7,-6.58,4
235.49,6899.1,-5.75,3.64
235.61,6903.6,-6.36,2.92
235.73,6908,-5.44,3.83
235.85,6912.5,-5.65,3.68
235.97,6916.9,-5.77,3.52
236.09,6921.3,-5.86,3.45
236.21,6925.8,-6.72,2.81
236.33,6930.2,-6.18,2.78
236.45,6934.7,-5.05,3.67
236.57,6939.1,-5.23,3.44
236.69,6943.5,-6.21,2.87
236.81,6948,-5.89,3.03
236.93,6952.4,-5.94,3.1
237.05,6956.9,-6.17,2.59
237.17,6961.5,-5.7,2.86
237.26,6964.9,-5.72,2.91
237.35,6968.3,-6.89,2.21
237.44,6971.7,-9.87,0.06
237.53,6975.1,-5.71,3.27
237.62,6978.6,-5.74,3.3
237.71,6982,-7.64,1.02
237.8,6985.4,-8.29,1.09
237.89,6988.8,-7.89,1.15
237.98,6992.2,-6.57,3.33
238.07,6995.6,-6.6,3.91
238.17,6999.3,-6.21,3.68
238.27,7003,-5.97,3.76
238.37,7006.7,-5.82,3.4
238.47,7010.4,-5.54,3.43
238.57,7014.1,-5.1,3.74
238.67,7017.8,-5.82,3.16
238.77,7021.5,-6.2,2.74
238.87,7025.2,-5.8,3.1
238.97,7028.9,-6.26,2.73
239.07,7032.6,-5.89,3.03
239.17,7036.3,-6.45,2.87
239.27,7040,-6.14,3.11
239.37,7043.7,-5.93,2.73
239.47,7047.4,-5.74,2.66
239.57,7051.1,-6.07,2.47
239.67,7054.8,-5.71,3.09
239.77,7058.5,,
239.87,7062.2,-5.52,3.11
239.97,7065.9,-5.54,3.22
240.07,7069.6,-5.43,3.06
240.18,7073.7,-5.67,2.86
240.29,7077.7,-5.76,3.02
240.4,7081.8,-5.95,3.04
240.51,7085.9,-6.01,3.06
240.62,7089.9,-6.03,3
240.73,7094,-5.95,3.37
240.84,7098.1,-6.19,3.46
240.95,7102.2,-5.38,3.83
241.06,7106.3,-5,3.67
241.17,7110.5,-5.2,3.43
241.27,7114.3,-5.43,3.1
241.37,7118.1,-5.87,2.88
241.47,7121.9,-6.62,2.66
241.57,7125.7,,
241.67,7129.5,-6.35,3.32
241.77,7133.3,-6.01,3.65
241.87,7137.1,-5.72,3.85
241.99,7141.6,-4.74,3.83
242.11,7146.1,-5.95,2.86
242.23,7150.5,-4.55,3.32
242.35,7155,-5.66,3.17
242.47,7159.4,-5.06,4.08
242.59,7163.8,-5.09,3.7
242.71,7168.3,-4.94,3.62
242.83,7172.7,-5.07,3.18
242.95,7177.2,-4.74,3.12
243.07,7181.6,-4.68,3.15
243.16,7184.9,-5.27,2.95
243.24,7187.9,-6.22,2.48
243.32,7190.8,-6,2.85
243.41,7194.2,-5.64,3.41
243.49,7197.1,-5.76,3.09
243.57,7200.1,-6.26,3.31
243.66,7203.4,-5.92,3.19
243.74,7206.4,-5.47,3.2
243.82,7209.3,-4.81,3.02
243.91,7212.7,-4.33,3.49
243.99,7215.6,-4.81,3.62
244.07,7225.3,-5.52,2.59
244.19,7241.3,-6.05,2.57
244.31,7257.2,-5.65,3.46
244.43,7273.2,-6.25,2.79
244.54,7287.8,-6.67,2.97
244.66,7303.8,-6.85,3.41
244.78,7319.7,-6.86,2.89
244.89,7334.4,-6.26,3.01
245.01,7349.6,-6.55,2.4
245.13,7356.2,-6.15,2.77
245.24,7362.2,-6.06,2.72
245.34,7367.7,-6.61,2.58
245.44,7373.2,-7.27,2.33
245.54,7378.7,-7.17,2.56
245.64,7384.2,-7.42,2.44
245.74,7389.7,-6.7,3.57
245.84,7395.2,-6.1,3.13
245.94,7400.7,-6.32,2.98
246.04,7406.2,-5.88,3.29
246.14,7411.7,-5.98,2.87
246.24,7417.2,-6.91,2.1
246.34,7422.7,-7,1.9
246.44,7428.2,-6.85,2.33
246.54,7433.7,-6.83,2.3
246.64,7439.2,-7.51,1.61
246.74,7444.7,-6.28,2.59
246.84,7450.2,-5.89,2.84
246.94,7455.7,,
247.04,7461.2,-6.57,2.22
247.14,7466.8,-6.3,2.81
247.24,7472.4,-6.1,2.6
247.34,7478,-6.41,2.03
247.45,7484.2,-6.97,1.57
247.56,7490.4,-6.16,2.49
247.67,7496.5,-7.22,1.6
247.77,7502.1,-6.53,2.35
247.88,7508.3,-7.08,1.42
247.99,7514.4,-6.71,2.46
248.1,7520.5,-6.11,2.72
248.21,7526.6,-5.52,3.42
248.31,7532.1,-5.5,2.86
248.42,7538.1,-5.14,3.16
248.53,7544.2,-5.09,2.7
248.64,7550.2,-4.71,2.6
248.74,7555.7,-4.58,2.93
